# Generated by scripts/jetbrains.mjs: label, identifier colors, bracket level colors.
Riso Touge	#E07A62,#FF85C8,#DBB85E,#A48BC8,#5FAAAA,#DB8A55,#6E9CCB,#6FAE7E,#EAA493,#FFA9D8,#E6CE8D,#C2B0DA,#93C7C7,#E7AF8A,#9EBDDD,#9DC9A7	#DBB85E,#A48BC8,#5FAAAA,#E07A62,#6E9CCB,#6FAE7E
Riso Touge Dimmed	#E07A62,#FF85C8,#DBB85E,#A48BC8,#5FAAAA,#DB8A55,#6E9CCB,#6FAE7E,#EAA493,#FFA9D8,#E6CE8D,#C2B0DA,#93C7C7,#E7AF8A,#9EBDDD,#9DC9A7	#DBB85E,#A48BC8,#5FAAAA,#E07A62,#6E9CCB,#6FAE7E
Riso Touge Paper	#BE442D,#BF3684,#7F641F,#7A5AA6,#2C797A,#A6531F,#3A6EA5,#3B7A4C,#893120,#8A275F,#5B4816,#584178,#205758,#783C16,#2A4F77,#2A5837	#7F641F,#7A5AA6,#2C797A,#BE442D,#3A6EA5,#3B7A4C
Riso Green	#E07A62,#FF85C8,#DBB85E,#A48BC8,#5FAAAA,#DB8A55,#6E9CCB,#6FAE7E,#EAA493,#FFA9D8,#E6CE8D,#C2B0DA,#93C7C7,#E7AF8A,#9EBDDD,#9DC9A7	#DBB85E,#A48BC8,#E07A62,#6FAE7E,#DB8A55,#6E9CCB
Riso Green Dimmed	#E07A62,#FF85C8,#DBB85E,#A48BC8,#5FAAAA,#DB8A55,#6E9CCB,#6FAE7E,#EAA493,#FFA9D8,#E6CE8D,#C2B0DA,#93C7C7,#E7AF8A,#9EBDDD,#9DC9A7	#DBB85E,#A48BC8,#E07A62,#6FAE7E,#DB8A55,#6E9CCB
Riso Green Paper	#BE442D,#BF3684,#7F641F,#7A5AA6,#2C797A,#A6531F,#3A6EA5,#3B7A4C,#893120,#8A275F,#5B4816,#584178,#205758,#783C16,#2A4F77,#2A5837	#7F641F,#7A5AA6,#BE442D,#3B7A4C,#A6531F,#3A6EA5
Riso Blue	#E07A62,#FF85C8,#DBB85E,#A48BC8,#5FAAAA,#DB8A55,#6E9CCB,#6FAE7E,#EAA493,#FFA9D8,#E6CE8D,#C2B0DA,#93C7C7,#E7AF8A,#9EBDDD,#9DC9A7	#DBB85E,#A48BC8,#5FAAAA,#6E9CCB,#DB8A55,#6FAE7E
Riso Blue Dimmed	#E07A62,#FF85C8,#DBB85E,#A48BC8,#5FAAAA,#DB8A55,#6E9CCB,#6FAE7E,#EAA493,#FFA9D8,#E6CE8D,#C2B0DA,#93C7C7,#E7AF8A,#9EBDDD,#9DC9A7	#DBB85E,#A48BC8,#5FAAAA,#6E9CCB,#DB8A55,#6FAE7E
Riso Blue Paper	#BE442D,#BF3684,#7F641F,#7A5AA6,#2C797A,#A6531F,#3A6EA5,#3B7A4C,#893120,#8A275F,#5B4816,#584178,#205758,#783C16,#2A4F77,#2A5837	#7F641F,#7A5AA6,#2C797A,#3A6EA5,#A6531F,#3B7A4C
Riso Purple	#E07A62,#FF85C8,#DBB85E,#A48BC8,#5FAAAA,#DB8A55,#6E9CCB,#6FAE7E,#EAA493,#FFA9D8,#E6CE8D,#C2B0DA,#93C7C7,#E7AF8A,#9EBDDD,#9DC9A7	#DBB85E,#6E9CCB,#5FAAAA,#A48BC8,#DB8A55,#6FAE7E
Riso Purple Dimmed	#E07A62,#FF85C8,#DBB85E,#A48BC8,#5FAAAA,#DB8A55,#6E9CCB,#6FAE7E,#EAA493,#FFA9D8,#E6CE8D,#C2B0DA,#93C7C7,#E7AF8A,#9EBDDD,#9DC9A7	#DBB85E,#6E9CCB,#5FAAAA,#A48BC8,#DB8A55,#6FAE7E
Riso Purple Paper	#BE442D,#BF3684,#7F641F,#7A5AA6,#2C797A,#A6531F,#3A6EA5,#3B7A4C,#893120,#8A275F,#5B4816,#584178,#205758,#783C16,#2A4F77,#2A5837	#7F641F,#3A6EA5,#2C797A,#7A5AA6,#A6531F,#3B7A4C
Riso Grey	#E07A62,#FF85C8,#DBB85E,#A48BC8,#5FAAAA,#DB8A55,#6E9CCB,#6FAE7E,#EAA493,#FFA9D8,#E6CE8D,#C2B0DA,#93C7C7,#E7AF8A,#9EBDDD,#9DC9A7	#DBB85E,#A48BC8,#5FAAAA,#9A9E96,#DB8A55,#6FAE7E
Riso Grey Dimmed	#E07A62,#FF85C8,#DBB85E,#A48BC8,#5FAAAA,#DB8A55,#6E9CCB,#6FAE7E,#EAA493,#FFA9D8,#E6CE8D,#C2B0DA,#93C7C7,#E7AF8A,#9EBDDD,#9DC9A7	#DBB85E,#A48BC8,#5FAAAA,#9A9E96,#DB8A55,#6FAE7E
Riso Grey Paper	#BE442D,#BF3684,#7F641F,#7A5AA6,#2C797A,#A6531F,#3A6EA5,#3B7A4C,#893120,#8A275F,#5B4816,#584178,#205758,#783C16,#2A4F77,#2A5837	#7F641F,#7A5AA6,#2C797A,#6B6F68,#A6531F,#3B7A4C
Riso Orange	#E07A62,#FF85C8,#DBB85E,#A48BC8,#5FAAAA,#DB8A55,#6E9CCB,#6FAE7E,#EAA493,#FFA9D8,#E6CE8D,#C2B0DA,#93C7C7,#E7AF8A,#9EBDDD,#9DC9A7	#DBB85E,#A48BC8,#5FAAAA,#DB8A55,#6E9CCB,#6FAE7E
Riso Orange Dimmed	#E07A62,#FF85C8,#DBB85E,#A48BC8,#5FAAAA,#DB8A55,#6E9CCB,#6FAE7E,#EAA493,#FFA9D8,#E6CE8D,#C2B0DA,#93C7C7,#E7AF8A,#9EBDDD,#9DC9A7	#DBB85E,#A48BC8,#5FAAAA,#DB8A55,#6E9CCB,#6FAE7E
Riso Orange Paper	#BE442D,#BF3684,#7F641F,#7A5AA6,#2C797A,#A6531F,#3A6EA5,#3B7A4C,#893120,#8A275F,#5B4816,#584178,#205758,#783C16,#2A4F77,#2A5837	#7F641F,#7A5AA6,#2C797A,#A6531F,#3A6EA5,#3B7A4C
Riso Teal	#E07A62,#FF85C8,#DBB85E,#A48BC8,#5FAAAA,#DB8A55,#6E9CCB,#6FAE7E,#EAA493,#FFA9D8,#E6CE8D,#C2B0DA,#93C7C7,#E7AF8A,#9EBDDD,#9DC9A7	#DBB85E,#A48BC8,#E07A62,#5FAAAA,#DB8A55,#6E9CCB
Riso Teal Dimmed	#E07A62,#FF85C8,#DBB85E,#A48BC8,#5FAAAA,#DB8A55,#6E9CCB,#6FAE7E,#EAA493,#FFA9D8,#E6CE8D,#C2B0DA,#93C7C7,#E7AF8A,#9EBDDD,#9DC9A7	#DBB85E,#A48BC8,#E07A62,#5FAAAA,#DB8A55,#6E9CCB
Riso Teal Paper	#BE442D,#BF3684,#7F641F,#7A5AA6,#2C797A,#A6531F,#3A6EA5,#3B7A4C,#893120,#8A275F,#5B4816,#584178,#205758,#783C16,#2A4F77,#2A5837	#7F641F,#7A5AA6,#BE442D,#2C797A,#A6531F,#3A6EA5
Riso Mustard	#E07A62,#FF85C8,#DBB85E,#A48BC8,#5FAAAA,#DB8A55,#6E9CCB,#6FAE7E,#EAA493,#FFA9D8,#E6CE8D,#C2B0DA,#93C7C7,#E7AF8A,#9EBDDD,#9DC9A7	#6E9CCB,#A48BC8,#5FAAAA,#DBB85E,#DB8A55,#6FAE7E
Riso Mustard Dimmed	#E07A62,#FF85C8,#DBB85E,#A48BC8,#5FAAAA,#DB8A55,#6E9CCB,#6FAE7E,#EAA493,#FFA9D8,#E6CE8D,#C2B0DA,#93C7C7,#E7AF8A,#9EBDDD,#9DC9A7	#6E9CCB,#A48BC8,#5FAAAA,#DBB85E,#DB8A55,#6FAE7E
Riso Mustard Paper	#BE442D,#BF3684,#7F641F,#7A5AA6,#2C797A,#A6531F,#3A6EA5,#3B7A4C,#893120,#8A275F,#5B4816,#584178,#205758,#783C16,#2A4F77,#2A5837	#3A6EA5,#7A5AA6,#2C797A,#7F641F,#A6531F,#3B7A4C
Riso Pink	#E07A62,#FF85C8,#DBB85E,#A48BC8,#5FAAAA,#DB8A55,#6E9CCB,#6FAE7E,#EAA493,#FFA9D8,#E6CE8D,#C2B0DA,#93C7C7,#E7AF8A,#9EBDDD,#9DC9A7	#DBB85E,#A48BC8,#5FAAAA,#FF85C8,#DB8A55,#6FAE7E
Riso Pink Dimmed	#E07A62,#FF85C8,#DBB85E,#A48BC8,#5FAAAA,#DB8A55,#6E9CCB,#6FAE7E,#EAA493,#FFA9D8,#E6CE8D,#C2B0DA,#93C7C7,#E7AF8A,#9EBDDD,#9DC9A7	#DBB85E,#A48BC8,#5FAAAA,#FF85C8,#DB8A55,#6FAE7E
Riso Pink Paper	#BE442D,#BF3684,#7F641F,#7A5AA6,#2C797A,#A6531F,#3A6EA5,#3B7A4C,#893120,#8A275F,#5B4816,#584178,#205758,#783C16,#2A4F77,#2A5837	#7F641F,#7A5AA6,#2C797A,#BF3684,#A6531F,#3B7A4C
Riso Federal Blue	#E07A62,#FF85C8,#DBB85E,#A48BC8,#5FAAAA,#DB8A55,#6E9CCB,#6FAE7E,#EAA493,#FFA9D8,#E6CE8D,#C2B0DA,#93C7C7,#E7AF8A,#9EBDDD,#9DC9A7	#DBB85E,#A48BC8,#5FAAAA,#8E9BE0,#DB8A55,#6FAE7E
Riso Federal Blue Dimmed	#E07A62,#FF85C8,#DBB85E,#A48BC8,#5FAAAA,#DB8A55,#6E9CCB,#6FAE7E,#EAA493,#FFA9D8,#E6CE8D,#C2B0DA,#93C7C7,#E7AF8A,#9EBDDD,#9DC9A7	#DBB85E,#A48BC8,#5FAAAA,#8E9BE0,#DB8A55,#6FAE7E
Riso Federal Blue Paper	#BE442D,#BF3684,#7F641F,#7A5AA6,#2C797A,#A6531F,#3A6EA5,#3B7A4C,#893120,#8A275F,#5B4816,#584178,#205758,#783C16,#2A4F77,#2A5837	#7F641F,#7A5AA6,#2C797A,#3D5588,#A6531F,#3B7A4C
Riso Sunflower	#E07A62,#FF85C8,#DBB85E,#A48BC8,#5FAAAA,#DB8A55,#6E9CCB,#6FAE7E,#EAA493,#FFA9D8,#E6CE8D,#C2B0DA,#93C7C7,#E7AF8A,#9EBDDD,#9DC9A7	#6E9CCB,#A48BC8,#5FAAAA,#FFCB57,#DB8A55,#6FAE7E
Riso Sunflower Dimmed	#E07A62,#FF85C8,#DBB85E,#A48BC8,#5FAAAA,#DB8A55,#6E9CCB,#6FAE7E,#EAA493,#FFA9D8,#E6CE8D,#C2B0DA,#93C7C7,#E7AF8A,#9EBDDD,#9DC9A7	#6E9CCB,#A48BC8,#5FAAAA,#FFCB57,#DB8A55,#6FAE7E
Riso Sunflower Paper	#BE442D,#BF3684,#7F641F,#7A5AA6,#2C797A,#A6531F,#3A6EA5,#3B7A4C,#893120,#8A275F,#5B4816,#584178,#205758,#783C16,#2A4F77,#2A5837	#3A6EA5,#7A5AA6,#2C797A,#8C6409,#A6531F,#3B7A4C
Riso Pink × Blue	#E07A62,#FF85C8,#DBB85E,#A48BC8,#5FAAAA,#DB8A55,#6E9CCB,#6FAE7E,#EAA493,#FFA9D8,#E6CE8D,#C2B0DA,#93C7C7,#E7AF8A,#9EBDDD,#9DC9A7	#6E9CCB,#C9B1D7,#8B74B2,#FF85C8,#FFC6E5,#C4D6EA
Riso Pink × Blue Dimmed	#E07A62,#FF85C8,#DBB85E,#A48BC8,#5FAAAA,#DB8A55,#6E9CCB,#6FAE7E,#EAA493,#FFA9D8,#E6CE8D,#C2B0DA,#93C7C7,#E7AF8A,#9EBDDD,#9DC9A7	#6E9CCB,#CBB3D8,#927DB7,#FF85C8,#FFC6E5,#C4D6EA
Riso Pink × Blue Paper	#BE442D,#BF3684,#7F641F,#7A5AA6,#2C797A,#A6531F,#3A6EA5,#3B7A4C,#893120,#8A275F,#5B4816,#584178,#205758,#783C16,#2A4F77,#2A5837	#3A6EA5,#372950,#6E519F,#BF3684,#601B42,#1D3753
